id,business_type,input_text,budget,timeline_weeks,portability,notification_requirement,platform,features,tech_stack,estimated_cost,estimated_timeline
1,restaurant,"I need a food delivery app with real-time tracking and push notifications for order updates",25000,10,high,major,mobile,"User Authentication, Real-time Tracking, Push Notifications, Payment Integration, Order Management, Restaurant Dashboard",Flutter + Firebase,25000,10
2,retail,"I want an e-commerce website for selling clothing and accessories",18000,8,medium,minor,web,"Product Catalog, Shopping Cart, Payment Gateway, User Accounts, Order Management, Admin Dashboard",MERN Stack,18000,8
3,healthcare,"I need a patient management system for my clinic",30000,12,low,none,desktop,"Patient Records, Appointment Scheduling, Billing System, Medical History, Prescription Management, Reports",Electron + React,30000,12
4,fitness,"I want a mobile app for tracking workouts and nutrition",22000,9,high,major,mobile,"Workout Tracking, Nutrition Log, Progress Charts, Social Features, Push Notifications, Wearable Integration",React Native + Node.js,22000,9
5,education,"I need an online learning platform for courses",28000,14,medium,minor,web,"Course Management, Video Streaming, Quizzes, Progress Tracking, Discussion Forums, Certificates",Django + PostgreSQL,28000,14
6,finance,"I want a personal finance tracking app",15000,6,high,major,mobile,"Expense Tracking, Budget Planning, Bill Reminders, Financial Reports, Push Notifications, Bank Integration",Swift + iOS Native,15000,6
7,real_estate,"I need a property management system",35000,16,low,none,desktop,"Property Listings, Tenant Management, Maintenance Tracking, Financial Reports, Document Storage, Analytics",Qt + Python,35000,16
8,transportation,"I want a ride-sharing app like Uber",40000,18,high,major,mobile,"User Authentication, GPS Tracking, Payment Processing, Driver Management, Real-time Notifications, Rating System",React Native + Node.js,40000,18
9,entertainment,"I need a streaming platform for movies and TV shows",32000,15,medium,minor,web,"Video Streaming, User Profiles, Recommendations, Watchlist, Payment Integration, Content Management",MEAN Stack,32000,15
10,logistics,"I want a warehouse management system",38000,20,low,none,desktop,"Inventory Management, Order Processing, Shipping Tracking, Barcode Scanning, Reports, Analytics",WPF + C#,38000,20
11,travel,"I need a travel booking app with flight and hotel reservations",26000,11,high,major,mobile,"Flight Search, Hotel Booking, Payment Gateway, User Accounts, Push Notifications, Travel Itinerary",Flutter + Firebase,26000,11
12,automotive,"I want a car dealership management system",42000,22,low,none,desktop,"Inventory Management, Customer Management, Sales Tracking, Financial Reports, Service Scheduling, Analytics",Qt + Python,42000,22
13,beauty,"I need a salon appointment booking app",19000,7,high,major,mobile,"Appointment Booking, Service Catalog, Payment Processing, Push Notifications, Customer Reviews, Loyalty Program",React Native + Node.js,19000,7
14,legal,"I want a case management system for law firms",45000,24,low,none,desktop,"Case Management, Document Storage, Time Tracking, Billing System, Client Portal, Reports",Electron + React,45000,24
15,media,"I need a news and content management platform",24000,10,medium,minor,web,"Content Management, User Authentication, Comments, Social Sharing, Analytics, SEO Optimization",Django + PostgreSQL,24000,10
16,pharmaceutical,"I want a medication reminder app",17000,6,high,major,mobile,"Medication Tracking, Reminder System, Health Records, Doctor Communication, Push Notifications, Emergency Contacts",Kotlin + Android Native,17000,6
17,construction,"I need a project management system for construction companies",50000,26,low,none,desktop,"Project Planning, Resource Management, Time Tracking, Budget Control, Document Management, Reporting",WPF + C#,50000,26
18,agriculture,"I want a farm management app",21000,8,high,major,mobile,"Crop Management, Weather Integration, Equipment Tracking, Financial Planning, Push Notifications, Market Prices",Flutter + Firebase,21000,8
19,consulting,"I need a client relationship management system",36000,18,low,none,desktop,"Client Database, Project Tracking, Time Billing, Document Management, Reporting, Analytics",Qt + Python,36000,18
20,music,"I want a music streaming app",29000,12,high,major,mobile,"Music Library, Playlist Creation, Offline Download, Social Features, Push Notifications, Audio Quality Settings",React Native + Node.js,29000,12
21,insurance,"I need a claims processing system",48000,25,low,none,desktop,"Claims Management, Policy Management, Customer Portal, Document Processing, Reporting, Analytics",Electron + React,48000,25
22,pet_care,"I want a pet care and veterinary app",20000,8,high,major,mobile,"Pet Profiles, Appointment Booking, Health Records, Medication Reminders, Push Notifications, Emergency Contacts",Swift + iOS Native,20000,8
23,accounting,"I need an accounting software for small businesses",34000,16,low,none,desktop,"General Ledger, Accounts Payable, Accounts Receivable, Financial Reports, Tax Preparation, Bank Reconciliation",WPF + C#,34000,16
24,home_services,"I want a home service booking app",23000,9,high,major,mobile,"Service Booking, Provider Profiles, Payment Processing, Real-time Tracking, Push Notifications, Reviews",Flutter + Firebase,23000,9
25,research,"I need a data collection and analysis platform",31000,14,medium,minor,web,"Data Collection, Survey Creation, Analytics Dashboard, Report Generation, Export Tools, Collaboration",MEAN Stack,31000,14
26,childcare,"I want a daycare management app",18000,7,high,major,mobile,"Child Profiles, Attendance Tracking, Parent Communication, Activity Planning, Push Notifications, Photo Sharing",React Native + Node.js,18000,7
27,manufacturing,"I need a production planning system",52000,28,low,none,desktop,"Production Planning, Inventory Control, Quality Management, Equipment Maintenance, Reporting, Analytics",Qt + Python,52000,28
28,event_planning,"I want an event management app",24000,10,high,major,mobile,"Event Creation, Ticket Sales, Attendee Management, Real-time Updates, Push Notifications, Photo Sharing",Flutter + Firebase,24000,10
29,nonprofit,"I need a donor management system",27000,12,low,none,desktop,"Donor Database, Fundraising Campaigns, Grant Management, Financial Reporting, Communication Tools, Analytics",Electron + React,27000,12
30,coffee_shop,"I want a coffee shop ordering app",16000,6,high,major,mobile,"Menu Display, Order Placement, Payment Processing, Loyalty Program, Push Notifications, Pickup Tracking",Kotlin + Android Native,16000,6
31,architecture,"I need a project management system for architects",39000,20,low,none,desktop,"Project Management, Design Tools, Client Communication, File Management, Time Tracking, Billing",WPF + C#,39000,20
32,photography,"I want a photo sharing and editing app",25000,10,high,major,mobile,"Photo Upload, Editing Tools, Social Sharing, Albums, Push Notifications, Cloud Storage",React Native + Node.js,25000,10
33,consulting,"I need a time tracking and billing system",32000,15,low,none,desktop,"Time Tracking, Project Management, Client Billing, Expense Tracking, Reporting, Analytics",Qt + Python,32000,15
34,delivery,"I want a package delivery tracking app",22000,9,high,major,mobile,"Package Tracking, Delivery Scheduling, Real-time Updates, Push Notifications, Signature Capture, Route Optimization",Flutter + Firebase,22000,9
35,education,"I need an online exam platform",26000,11,medium,minor,web,"Exam Creation, Proctoring, Auto-grading, Results Analysis, Certificate Generation, Security Features",Django + PostgreSQL,26000,11
36,healthcare,"I want a telemedicine app",28000,12,high,major,mobile,"Video Consultations, Appointment Booking, Prescription Management, Health Records, Push Notifications, Payment Processing",Swift + iOS Native,28000,12
37,retail,"I need an inventory management system",33000,16,low,none,desktop,"Inventory Tracking, Purchase Orders, Sales Analysis, Supplier Management, Reporting, Alerts",Electron + React,33000,16
38,fitness,"I want a gym management app",20000,8,high,major,mobile,"Member Management, Class Scheduling, Payment Processing, Fitness Tracking, Push Notifications, Access Control",React Native + Node.js,20000,8
39,legal,"I need a document management system",37000,18,low,none,desktop,"Document Storage, Version Control, Search Functionality, Collaboration Tools, Security, Compliance",WPF + C#,37000,18
40,restaurant,"I want a restaurant reservation app",17000,7,high,major,mobile,"Table Booking, Menu Display, Payment Processing, Loyalty Program, Push Notifications, Waitlist Management",Kotlin + Android Native,17000,7
41,finance,"I need a banking system",55000,30,low,none,desktop,"Account Management, Transaction Processing, Loan Management, Investment Tracking, Security, Compliance",Qt + Python,55000,30
42,transportation,"I want a public transportation app",23000,9,high,major,mobile,"Route Planning, Real-time Updates, Schedule Information, Payment Integration, Push Notifications, Accessibility Features",Flutter + Firebase,23000,9
43,education,"I need a student information system",29000,13,medium,minor,web,"Student Records, Grade Management, Attendance Tracking, Parent Portal, Communication Tools, Reporting",MEAN Stack,29000,13
44,healthcare,"I want a hospital management system",60000,32,low,none,desktop,"Patient Management, Staff Scheduling, Inventory Control, Billing System, Reporting, Analytics",Electron + React,60000,32
45,entertainment,"I want a gaming platform",31000,14,high,major,mobile,"Game Library, Multiplayer Support, Achievements, Social Features, Push Notifications, In-app Purchases",React Native + Node.js,31000,14
46,real_estate,"I need a property listing website",24000,10,medium,minor,web,"Property Listings, Search Filters, Contact Forms, Virtual Tours, Mortgage Calculator, Agent Profiles",Django + PostgreSQL,24000,10
47,logistics,"I want a fleet management app",26000,11,high,major,mobile,"Vehicle Tracking, Driver Management, Route Optimization, Maintenance Alerts, Push Notifications, Fuel Monitoring",Flutter + Firebase,26000,11
48,consulting,"I need a project portfolio management system",41000,22,low,none,desktop,"Portfolio Analysis, Risk Management, Resource Allocation, Performance Tracking, Reporting, Analytics",WPF + C#,41000,22
49,beauty,"I want a beauty product recommendation app",19000,8,high,major,mobile,"Product Recommendations, Virtual Try-on, Reviews, Shopping Cart, Push Notifications, Loyalty Program",Swift + iOS Native,19000,8
50,automotive,"I need a car maintenance tracking app",21000,9,high,major,mobile,"Service History, Maintenance Reminders, Fuel Tracking, Cost Analysis, Push Notifications, Service Booking",React Native + Node.js,21000,9
51,education,"I want a language learning app",25000,10,high,major,mobile,"Lesson Modules, Progress Tracking, Speech Recognition, Gamification, Push Notifications, Offline Access",Flutter + Firebase,25000,10
52,healthcare,"I need a medical imaging system",65000,35,low,none,desktop,"Image Processing, Patient Records, Diagnostic Tools, Reporting, Security, Compliance",Qt + Python,65000,35
53,retail,"I want a loyalty program app",18000,7,high,major,mobile,"Points Tracking, Rewards Redemption, Special Offers, Push Notifications, QR Code Scanning, Social Sharing",Kotlin + Android Native,18000,7
54,finance,"I need a trading platform",70000,40,low,none,desktop,"Real-time Trading, Market Data, Portfolio Management, Risk Analysis, Reporting, Compliance",Electron + React,70000,40
55,transportation,"I want a parking app",20000,8,high,major,mobile,"Parking Spot Finder, Payment Processing, Reservation System, Real-time Availability, Push Notifications, Navigation",React Native + Node.js,20000,8
56,education,"I need an academic research platform",32000,15,medium,minor,web,"Research Database, Citation Management, Collaboration Tools, Publication Tracking, Analytics, Search",Django + PostgreSQL,32000,15
57,healthcare,"I want a mental health app",22000,9,high,major,mobile,"Mood Tracking, Meditation Guides, Therapist Booking, Journal, Push Notifications, Crisis Support",Swift + iOS Native,22000,9
58,manufacturing,"I need a quality control system",45000,24,low,none,desktop,"Quality Testing, Defect Tracking, Process Control, Reporting, Analytics, Compliance",WPF + C#,45000,24
59,entertainment,"I want a podcast app",23000,9,high,major,mobile,"Podcast Library, Episode Management, Offline Download, Playback Controls, Push Notifications, Social Sharing",Flutter + Firebase,23000,9
60,real_estate,"I need a property valuation system",38000,20,low,none,desktop,"Market Analysis, Valuation Models, Report Generation, Data Management, Analytics, Client Portal",Qt + Python,38000,20
61,fitness,"I want a yoga app",17000,7,high,major,mobile,"Yoga Classes, Pose Library, Progress Tracking, Meditation, Push Notifications, Community Features",React Native + Node.js,17000,7
62,finance,"I need a budgeting app",16000,6,high,major,mobile,"Expense Tracking, Budget Categories, Financial Goals, Bill Reminders, Push Notifications, Reports",Kotlin + Android Native,16000,6
63,education,"I want a tutoring platform",27000,12,medium,minor,web,"Tutor Profiles, Session Booking, Video Conferencing, Payment Processing, Progress Tracking, Reviews",MEAN Stack,27000,12
64,healthcare,"I need a pharmacy management system",42000,22,low,none,desktop,"Inventory Management, Prescription Processing, Patient Records, Billing, Reporting, Compliance",Electron + React,42000,22
65,retail,"I want a fashion styling app",24000,10,high,major,mobile,"Virtual Styling, Outfit Recommendations, Shopping Integration, Social Sharing, Push Notifications, Personalization",Flutter + Firebase,24000,10
66,logistics,"I need a supply chain management system",55000,30,low,none,desktop,"Supplier Management, Order Processing, Inventory Control, Cost Analysis, Reporting, Analytics",WPF + C#,55000,30
67,entertainment,"I want a movie ticket booking app",21000,8,high,major,mobile,"Movie Listings, Seat Selection, Payment Processing, QR Tickets, Push Notifications, Reviews",React Native + Node.js,21000,8
68,education,"I need a library management system",35000,18,low,none,desktop,"Book Catalog, Member Management, Circulation, Fine Calculation, Reporting, Analytics",Qt + Python,35000,18
69,healthcare,"I want a nutrition tracking app",18000,7,high,major,mobile,"Food Database, Calorie Tracking, Meal Planning, Progress Charts, Push Notifications, Barcode Scanner",Swift + iOS Native,18000,7
70,finance,"I need a loan management system",48000,25,low,none,desktop,"Loan Processing, Payment Tracking, Risk Assessment, Reporting, Compliance, Analytics",Electron + React,48000,25
71,transportation,"I want a bike sharing app",22000,9,high,major,mobile,"Bike Location, Rental Processing, Payment Integration, Route Planning, Push Notifications, Safety Features",Flutter + Firebase,22000,9
72,education,"I need a school management system",40000,21,low,none,desktop,"Student Records, Staff Management, Attendance, Grade Management, Communication, Reporting",WPF + C#,40000,21
73,beauty,"I want a makeup tutorial app",20000,8,high,major,mobile,"Video Tutorials, Product Recommendations, Virtual Try-on, Community Features, Push Notifications, Shopping",React Native + Node.js,20000,8
74,real_estate,"I need a property inspection app",25000,11,high,major,mobile,"Inspection Checklists, Photo Documentation, Report Generation, Offline Access, Push Notifications, GPS Tracking",Kotlin + Android Native,25000,11
75,healthcare,"I want a dental appointment app",19000,7,high,major,mobile,"Appointment Booking, Treatment Plans, Payment Processing, Reminders, Push Notifications, Patient Portal",Flutter + Firebase,19000,7
76,finance,"I need a credit card management app",17000,6,high,major,mobile,"Transaction Tracking, Payment Reminders, Fraud Alerts, Rewards Tracking, Push Notifications, Security",Swift + iOS Native,17000,6
77,education,"I want a coding bootcamp platform",30000,14,medium,minor,web,"Course Content, Interactive Coding, Progress Tracking, Mentorship, Job Placement, Community",Django + PostgreSQL,30000,14
78,retail,"I need a point of sale system",28000,12,low,none,desktop,"Sales Processing, Inventory Management, Customer Database, Reporting, Analytics, Integration",Electron + React,28000,12
79,entertainment,"I want a karaoke app",23000,9,high,major,mobile,"Song Library, Voice Recording, Social Sharing, Duet Features, Push Notifications, Offline Songs",React Native + Node.js,23000,9
80,logistics,"I need a warehouse automation system",60000,35,low,none,desktop,"Automation Control, Inventory Management, Order Processing, Quality Control, Reporting, Analytics",Qt + Python,60000,35
81,fitness,"I want a running app",18000,7,high,major,mobile,"GPS Tracking, Route Planning, Progress Statistics, Social Features, Push Notifications, Music Integration",Flutter + Firebase,18000,7
82,healthcare,"I need a laboratory information system",52000,28,low,none,desktop,"Test Management, Sample Tracking, Result Processing, Quality Control, Reporting, Compliance",WPF + C#,52000,28
83,education,"I want a language exchange app",21000,8,high,major,mobile,"Partner Matching, Video Calls, Language Tools, Progress Tracking, Push Notifications, Cultural Exchange",Kotlin + Android Native,21000,8
84,finance,"I need a retirement planning app",20000,9,high,major,mobile,"Goal Setting, Investment Tracking, Retirement Calculator, Progress Monitoring, Push Notifications, Financial Education",React Native + Node.js,20000,9
85,real_estate,"I want a property investment app",26000,11,high,major,mobile,"Market Analysis, Investment Tracking, Portfolio Management, Alerts, Push Notifications, Financial Reports",Flutter + Firebase,26000,11
86,entertainment,"I need a video editing platform",34000,16,medium,minor,web,"Video Editing Tools, Cloud Storage, Collaboration, Export Options, Templates, Analytics",MEAN Stack,34000,16
87,healthcare,"I want a symptom checker app",17000,6,high,major,mobile,"Symptom Analysis, Health Information, Doctor Booking, Emergency Contacts, Push Notifications, Health Records",Swift + iOS Native,17000,6
88,education,"I need a plagiarism detection system",36000,18,low,none,desktop,"Document Analysis, Database Comparison, Report Generation, User Management, Security, Analytics",Electron + React,36000,18
89,retail,"I want a personal shopping app",24000,10,high,major,mobile,"Personal Styling, Shopping Lists, Price Comparison, Delivery Tracking, Push Notifications, Reviews",React Native + Node.js,24000,10
90,logistics,"I need a customs clearance system",45000,24,low,none,desktop,"Document Processing, Compliance Checking, Fee Calculation, Tracking, Reporting, Integration",Qt + Python,45000,24
91,fitness,"I want a swimming app",19000,7,high,major,mobile,"Workout Tracking, Technique Videos, Progress Monitoring, Social Features, Push Notifications, Pool Locator",Flutter + Firebase,19000,7
92,finance,"I need a tax preparation app",22000,9,high,major,mobile,"Tax Calculator, Document Upload, Filing Assistance, Refund Tracking, Push Notifications, Security",Kotlin + Android Native,22000,9
93,education,"I want a virtual classroom platform",32000,15,medium,minor,web,"Video Conferencing, Whiteboard, File Sharing, Attendance Tracking, Recording, Analytics",Django + PostgreSQL,32000,15
94,healthcare,"I need a medical billing system",38000,20,low,none,desktop,"Claim Processing, Insurance Verification, Payment Tracking, Reporting, Compliance, Analytics",WPF + C#,38000,20
95,entertainment,"I want a live streaming app",28000,12,high,major,mobile,"Live Broadcasting, Chat Features, Viewer Analytics, Monetization, Push Notifications, Recording",React Native + Node.js,28000,12
96,real_estate,"I need a property marketing platform",29000,13,medium,minor,web,"Marketing Tools, Lead Management, Analytics, Social Media Integration, Email Campaigns, CRM",MEAN Stack,29000,13
97,transportation,"I want a carpooling app",25000,10,high,major,mobile,"Ride Matching, Route Planning, Payment Processing, Safety Features, Push Notifications, Rating System",Flutter + Firebase,25000,10
98,education,"I need a student assessment system",33000,16,low,none,desktop,"Test Creation, Grading, Analytics, Progress Tracking, Reporting, Security",Electron + React,33000,16
99,healthcare,"I want a sleep tracking app",16000,6,high,major,mobile,"Sleep Monitoring, Sleep Analysis, Smart Alarms, Sleep Tips, Push Notifications, Health Integration",Swift + iOS Native,16000,6
100,finance,"I need a cryptocurrency trading app",35000,17,high,major,mobile,"Trading Interface, Portfolio Management, Price Alerts, News Feed, Push Notifications, Security",React Native + Node.js,35000,17
101,retail,"I want a grocery delivery app",23000,9,high,major,mobile,"Product Catalog, Order Management, Real-time Tracking, Payment Processing, Push Notifications, Loyalty Program",Flutter + Firebase,23000,9
102,education,"I need a research collaboration platform",37000,19,medium,minor,web,"Project Management, Document Sharing, Communication Tools, Analytics, Publication Tracking, Funding",Django + PostgreSQL,37000,19
103,healthcare,"I want a medication interaction checker",18000,7,high,major,mobile,"Drug Database, Interaction Checking, Dosage Calculator, Reminders, Push Notifications, Doctor Communication",Kotlin + Android Native,18000,7
104,entertainment,"I need a music production app",31000,14,high,major,mobile,"Audio Recording, Mixing Tools, Virtual Instruments, Collaboration, Push Notifications, Cloud Storage",React Native + Node.js,31000,14
105,logistics,"I want a package locker management system",26000,11,high,major,mobile,"Locker Assignment, Access Control, Delivery Notifications, Payment Processing, Push Notifications, Security",Flutter + Firebase,26000,11
